{
    "addontype": "elementor",
    "cattitle": "Anurodh Keshari",
    "name": "scroll_down_arrow_elementor",
    "alias": "scroll_down_arrow",
    "title": "Scroll down arrow",
    "description": "",
    "config": {
        "options": {
            "enable_items": "false",
            "path_assets": "",
            "addon_icon": "fa fa-arrow-down",
            "dynamic_addon": "false",
            "dynamic_post_enable_customfields": "false",
            "dynamic_post_enable_category": "false",
            "description": "",
            "link_resource": "https:\/\/codepen.io\/bisaillonyannick\/pen\/pvZeGg",
            "link_preview": "https:\/\/codepen.io\/bisaillonyannick\/pen\/pvZeGg",
            "show_small_icon": "true",
            "preview_size_unite_selected_text": "Full Size",
            "preview_size": "full",
            "preview_custom_width": "",
            "preview_bgcol": "#ffffff"
        },
        "params": [
            {
                "type": "uc_icon_library",
                "title": "Icon",
                "name": "icon",
                "description": "",
                "enable_condition": false,
                "condition_attribute": null,
                "condition_operator": "equal",
                "condition_value": null,
                "default_value": "",
                "enable_svg": true,
                "put_svg_as": "image",
                "__attr_catid__": "cat_general_general"
            },
            {
                "type": "uc_link",
                "title": "Link",
                "name": "link",
                "description": "",
                "enable_condition": false,
                "condition_attribute": null,
                "condition_operator": "equal",
                "condition_value": null,
                "default_value": "",
                "__attr_catid__": "cat_general_general"
            },
            {
                "type": "uc_colorpicker",
                "title": "Color",
                "name": "color",
                "description": "",
                "enable_condition": false,
                "condition_attribute": null,
                "condition_operator": "equal",
                "condition_value": null,
                "default_value": "#c90b0b",
                "selector": "a",
                "selector_value": "",
                "show_more_selectors": false,
                "selector2": "",
                "selector2_value": "",
                "selector3": "",
                "selector3_value": "",
                "__attr_catid__": "cat_style_txda5tac"
            },
            {
                "type": "uc_dropdown",
                "title": "Align",
                "name": "align",
                "description": "",
                "enable_condition": false,
                "condition_attribute": null,
                "condition_operator": "equal",
                "condition_value": null,
                "options": {
                    "Left": "left",
                    "Right": "right",
                    "Center": "center"
                },
                "default_value": "center",
                "selector": ".arrow",
                "selector_value": "",
                "show_more_selectors": false,
                "selector2": "",
                "selector2_value": "",
                "selector3": "",
                "selector3_value": "",
                "is_responsive": false,
                "default_value_tablet": "",
                "default_value_mobile": "",
                "__attr_catid__": "cat_style_txda5tac"
            },
            {
                "type": "uc_number",
                "title": "Icon Size",
                "name": "icon_size",
                "description": "",
                "enable_condition": false,
                "condition_attribute": "",
                "condition_operator": "equal",
                "condition_value": null,
                "default_value": "20",
                "unit": "px",
                "unit_custom": "",
                "min_value": "",
                "max_value": "",
                "step": "",
                "is_responsive": true,
                "default_value_tablet": "10",
                "default_value_mobile": "10",
                "selector": ".arrow",
                "selector_value": "",
                "show_more_selectors": false,
                "selector2": "",
                "selector2_value": "",
                "selector3": "",
                "selector3_value": "",
                "__attr_catid__": "cat_style_txda5tac"
            },
            {
                "type": "uc_dropdown",
                "title": "Border",
                "name": "border",
                "description": "",
                "enable_condition": false,
                "condition_attribute": "",
                "condition_operator": "equal",
                "condition_value": null,
                "options": {
                    "None": "none",
                    "Solid": "solid",
                    "Double": "double",
                    "Dotted": "dotted",
                    "Dashed": "dashed"
                },
                "default_value": "none",
                "selector": "a",
                "selector_value": "",
                "show_more_selectors": false,
                "selector2": "",
                "selector2_value": "",
                "selector3": "",
                "selector3_value": "",
                "is_responsive": false,
                "default_value_tablet": "",
                "default_value_mobile": "",
                "__attr_catid__": "cat_style_txda5tac"
            },
            {
                "type": "uc_number",
                "title": "Border width",
                "name": "border_width",
                "description": "",
                "enable_condition": false,
                "condition_attribute": "border",
                "condition_operator": "not_equal",
                "condition_value": "none",
                "default_value": "2",
                "unit": "px",
                "unit_custom": "",
                "min_value": "",
                "max_value": "",
                "step": "",
                "is_responsive": false,
                "default_value_tablet": "",
                "default_value_mobile": "",
                "selector": "",
                "selector_value": "",
                "show_more_selectors": false,
                "selector2": "",
                "selector2_value": "",
                "selector3": "",
                "selector3_value": "",
                "__attr_catid__": "cat_style_txda5tac"
            },
            {
                "type": "uc_colorpicker",
                "title": "Border Color",
                "name": "border_color",
                "description": "",
                "enable_condition": false,
                "condition_attribute": "",
                "condition_operator": "not_equal",
                "condition_value": null,
                "default_value": "#000000",
                "selector": "a",
                "selector_value": "",
                "show_more_selectors": false,
                "selector2": "",
                "selector2_value": "",
                "selector3": "",
                "selector3_value": "",
                "__attr_catid__": "cat_style_txda5tac"
            },
            {
                "type": "uc_number",
                "title": "Vertical Space",
                "name": "vertical_space",
                "description": "",
                "enable_condition": false,
                "condition_attribute": "",
                "condition_operator": "not_equal",
                "condition_value": null,
                "default_value": "20",
                "unit": "px",
                "unit_custom": "",
                "min_value": "",
                "max_value": "",
                "step": "",
                "is_responsive": true,
                "default_value_tablet": "20",
                "default_value_mobile": "20",
                "selector": "a",
                "selector_value": "",
                "show_more_selectors": false,
                "selector2": "",
                "selector2_value": "",
                "selector3": "",
                "selector3_value": "",
                "__attr_catid__": "cat_style_txda5tac"
            },
            {
                "type": "uc_number",
                "title": "Horizontal Space",
                "name": "horizental_space",
                "description": "",
                "enable_condition": false,
                "condition_attribute": "",
                "condition_operator": "not_equal",
                "condition_value": null,
                "default_value": "10",
                "unit": "px",
                "unit_custom": "",
                "min_value": "",
                "max_value": "",
                "step": "",
                "is_responsive": true,
                "default_value_tablet": "10",
                "default_value_mobile": "10",
                "selector": "a",
                "selector_value": "",
                "show_more_selectors": false,
                "selector2": "",
                "selector2_value": "",
                "selector3": "",
                "selector3_value": "",
                "__attr_catid__": "cat_style_txda5tac"
            },
            {
                "type": "uc_number",
                "title": "Border radius",
                "name": "border_radius",
                "description": "",
                "enable_condition": false,
                "condition_attribute": "",
                "condition_operator": "not_equal",
                "condition_value": null,
                "default_value": "120",
                "unit": "px",
                "unit_custom": "",
                "min_value": "",
                "max_value": "",
                "step": "",
                "is_responsive": true,
                "default_value_tablet": "120",
                "default_value_mobile": "120",
                "selector": "a",
                "selector_value": "",
                "show_more_selectors": false,
                "selector2": "",
                "selector2_value": "",
                "selector3": "",
                "selector3_value": "",
                "__attr_catid__": "cat_style_txda5tac"
            }
        ],
        "params_items": [
            {
                "type": "uc_textfield",
                "title": "Title",
                "name": "title",
                "description": "",
                "default_value": "",
                "limited_edit": true
            }
        ],
        "includes": {
            "js": [],
            "jslib": [],
            "css": []
        },
        "variables_item": [],
        "variables_main": [],
        "params_cats": [
            {
                "id": "cat_general_general",
                "title": "General",
                "tab": "content"
            },
            {
                "id": "cat_style_txda5tac",
                "title": "Style",
                "tab": "style"
            }
        ]
    },
    "templates": [
        "html",
        "css"
    ]
}